Wave   ;IRR_bright_10cm
173.35000;0.00000
173.96000;0.00000
174.56000;0.00000
175.16000;0.00000
175.76000;0.00000
176.37000;0.00000
176.97000;0.00000
177.57000;0.00000
178.17000;0.00000
178.78000;0.00000
179.38000;0.00000
179.98000;0.00000
180.58000;0.00000
181.19000;0.00000
181.79000;0.00000
182.39000;0.00000
182.99000;0.00000
183.59000;0.00000
184.20000;0.00000
184.80000;0.00000
185.40000;0.00000
186.00000;0.00000
186.60000;0.00000
187.21000;0.00000
187.81000;0.00000
188.41000;0.00000
189.01000;0.00000
189.61000;0.00000
190.22000;0.00000
190.82000;0.00000
191.42000;0.00000
192.02000;0.00000
192.62000;0.00000
193.22000;0.00000
193.83000;0.00000
194.43000;0.00000
195.03000;0.00000
195.63000;0.00000
196.23000;0.00000
196.83000;0.00000
197.44000;0.00000
198.04000;0.00000
198.64000;0.00000
199.24000;0.00000
199.84000;0.00000
200.44000;0.00000
201.05000;0.00000
201.65000;0.00000
202.25000;0.00000
202.85000;0.00000
203.45000;0.00000
204.05000;0.00000
204.65000;0.00000
205.25000;0.00000
205.86000;0.00000
206.46000;0.00000
207.06000;0.00000
207.66000;0.00000
208.26000;0.00000
208.86000;0.00000
209.46000;0.00000
210.06000;0.00000
210.66000;0.00000
211.27000;0.00000
211.87000;0.00000
212.47000;0.00000
213.07000;0.00000
213.67000;0.00000
214.27000;0.00000
214.87000;0.00000
215.47000;0.00000
216.07000;0.00000
216.67000;0.00000
217.27000;0.00000
217.87000;0.00000
218.48000;0.00000
219.08000;0.00000
219.68000;0.00000
220.28000;0.00000
220.88000;0.00000
221.48000;0.00000
222.08000;0.00000
222.68000;0.00000
223.28000;0.00000
223.88000;0.00000
224.48000;0.00000
225.08000;0.00000
225.68000;0.00000
226.28000;0.00000
226.88000;0.00000
227.48000;0.00000
228.08000;0.00000
228.68000;0.00000
229.28000;0.00000
229.88000;0.00000
230.48000;0.00000
231.08000;0.00000
231.68000;0.00000
232.28000;0.00000
232.88000;0.00000
233.48000;0.00000
234.09000;0.00000
234.69000;0.00000
235.29000;0.00000
235.88000;0.00000
236.48000;0.00000
237.08000;0.00000
237.68000;0.00000
238.28000;0.00000
238.88000;0.00000
239.48000;0.00000
240.08000;0.00000
240.68000;0.00000
241.28000;0.00000
241.88000;0.00000
242.48000;0.00000
243.08000;0.00000
243.68000;0.00000
244.28000;0.00000
244.88000;0.00000
245.48000;0.00000
246.08000;0.00000
246.68000;0.00000
247.28000;0.00000
247.88000;0.00000
248.48000;0.00000
249.08000;0.00000
249.68000;0.00000
250.28000;0.00000
250.88000;0.00000
251.48000;0.00000
252.07000;0.00000
252.67000;0.00000
253.27000;0.00000
253.87000;0.00000
254.47000;0.00000
255.07000;0.00000
255.67000;0.00000
256.27000;0.00000
256.87000;0.00000
257.47000;0.00000
258.07000;0.00000
258.66000;0.00000
259.26000;0.00000
259.86000;0.00000
260.46000;0.00000
261.06000;0.00000
261.66000;0.00000
262.26000;0.00000
262.86000;0.00000
263.46000;0.00000
264.05000;0.00000
264.65000;0.00000
265.25000;0.00000
265.85000;0.00000
266.45000;0.00000
267.05000;0.00000
267.65000;0.00000
268.24000;0.00000
268.84000;0.00000
269.44000;0.00000
270.04000;0.00000
270.64000;0.00000
271.24000;0.00000
271.84000;0.00000
272.43000;0.00000
273.03000;0.00000
273.63000;0.00000
274.23000;0.00000
274.83000;0.00000
275.43000;0.00000
276.02000;0.00000
276.62000;0.00000
277.22000;0.00000
277.82000;0.00000
278.42000;0.00000
279.01000;0.00000
279.61000;0.00000
280.21000;0.00000
280.81000;0.00000
281.41000;0.00000
282.00000;0.00000
282.60000;0.00000
283.20000;0.00000
283.80000;0.00000
284.40000;0.00000
284.99000;0.00000
285.59000;0.00000
286.19000;0.00000
286.79000;0.00000
287.38000;0.00000
287.98000;0.00000
288.58000;0.00000
289.18000;0.00000
289.77000;0.00000
290.37000;0.00000
290.97000;0.00000
291.57000;0.00000
292.17000;0.00000
292.76000;0.00000
293.36000;0.00000
293.96000;0.00000
294.55000;0.00000
295.15000;0.00000
295.75000;0.00000
296.35000;0.00000
296.94000;0.00000
297.54000;0.00000
298.14000;0.00000
298.74000;0.00000
299.33000;0.00000
299.93000;0.00000
300.53000;0.00000
301.12000;0.00000
301.72000;0.00000
302.32000;0.00000
302.92000;0.00000
303.51000;0.00000
304.11000;0.00000
304.71000;0.00000
305.30000;0.00000
305.90000;0.00000
306.50000;0.00000
307.09000;0.00000
307.69000;0.00000
308.29000;0.00000
308.88000;0.00000
309.48000;0.00000
310.08000;0.00000
310.67000;0.00000
311.27000;0.00000
311.87000;0.00000
312.46000;0.00000
313.06000;0.00000
313.66000;0.00000
314.25000;0.00000
314.85000;0.00000
315.45000;0.00000
316.04000;0.00000
316.64000;0.00000
317.23000;0.00000
317.83000;0.00000
318.43000;0.00000
319.02000;0.00000
319.62000;0.00000
320.22000;0.00000
320.81000;0.00000
321.41000;0.00000
322.00000;0.00000
322.60000;0.00000
323.20000;0.00000
323.79000;0.00000
324.39000;0.00000
324.98000;0.00000
325.58000;0.00000
326.18000;0.00000
326.77000;0.00000
327.37000;0.00000
327.96000;0.00000
328.56000;0.00000
329.15000;0.00000
329.75000;0.00000
330.35000;0.00000
330.94000;0.00000
331.54000;0.00000
332.13000;0.00000
332.73000;0.00000
333.32000;0.00000
333.92000;0.00000
334.52000;0.00000
335.11000;0.00000
335.71000;0.00000
336.30000;0.00000
336.90000;0.00000
337.49000;0.00000
338.09000;0.00000
338.68000;0.00000
339.28000;0.00000
339.87000;0.00000
340.47000;0.00000
341.06000;0.00000
341.66000;0.00000
342.25000;0.00000
342.85000;0.00000
343.44000;0.00000
344.04000;0.00000
344.63000;0.00000
345.23000;0.00000
345.82000;0.00000
346.42000;0.00000
347.01000;0.00000
347.61000;0.00000
348.20000;0.00000
348.80000;0.00000
349.39000;0.00000
349.99000;0.00000
350.58000;0.00043
351.18000;0.00045
351.77000;0.00054
352.37000;0.00061
352.96000;0.00061
353.56000;0.00050
354.15000;0.00055
354.75000;0.00051
355.34000;0.00043
355.93000;0.00045
356.53000;0.00052
357.12000;0.00050
357.72000;0.00042
358.31000;0.00042
358.91000;0.00048
359.50000;0.00053
360.09000;0.00048
360.69000;0.00049
361.28000;0.00050
361.88000;0.00053
362.47000;0.00050
363.07000;0.00053
363.66000;0.00055
364.25000;0.00058
364.85000;0.00053
365.44000;0.00053
366.04000;0.00051
366.63000;0.00049
367.22000;0.00050
367.82000;0.00057
368.41000;0.00056
369.01000;0.00051
369.60000;0.00044
370.19000;0.00044
370.79000;0.00044
371.38000;0.00045
371.97000;0.00045
372.57000;0.00041
373.16000;0.00040
373.75000;0.00040
374.35000;0.00044
374.94000;0.00042
375.54000;0.00045
376.13000;0.00043
376.72000;0.00044
377.32000;0.00041
377.91000;0.00039
378.50000;0.00039
379.10000;0.00040
379.69000;0.00040
380.28000;0.00038
380.88000;0.00036
381.47000;0.00039
382.06000;0.00039
382.65000;0.00044
383.25000;0.00047
383.84000;0.00054
384.43000;0.00055
385.03000;0.00059
385.62000;0.00061
386.21000;0.00067
386.81000;0.00070
387.40000;0.00073
387.99000;0.00073
388.58000;0.00072
389.18000;0.00070
389.77000;0.00068
390.36000;0.00068
390.96000;0.00071
391.55000;0.00074
392.14000;0.00077
392.73000;0.00082
393.33000;0.00089
393.92000;0.00099
394.51000;0.00112
395.10000;0.00115
395.70000;0.00112
396.29000;0.00106
396.88000;0.00105
397.47000;0.00107
398.07000;0.00112
398.66000;0.00120
399.25000;0.00129
399.84000;0.00137
400.43000;0.00144
401.03000;0.00151
401.62000;0.00154
402.21000;0.00155
402.80000;0.00153
403.40000;0.00154
403.99000;0.00156
404.58000;0.00162
405.17000;0.00164
405.76000;0.00162
406.36000;0.00167
406.95000;0.00168
407.54000;0.00173
408.13000;0.00174
408.72000;0.00174
409.31000;0.00174
409.91000;0.00177
410.50000;0.00180
411.09000;0.00179
411.68000;0.00183
412.27000;0.00186
412.86000;0.00190
413.46000;0.00198
414.05000;0.00200
414.64000;0.00201
415.23000;0.00197
415.82000;0.00198
416.41000;0.00196
417.00000;0.00196
417.60000;0.00193
418.19000;0.00193
418.78000;0.00192
419.37000;0.00195
419.96000;0.00197
420.55000;0.00200
421.14000;0.00203
421.73000;0.00204
422.33000;0.00208
422.92000;0.00204
423.51000;0.00205
424.10000;0.00204
424.69000;0.00204
425.28000;0.00208
425.87000;0.00211
426.46000;0.00215
427.05000;0.00213
427.64000;0.00212
428.23000;0.00206
428.83000;0.00203
429.42000;0.00200
430.01000;0.00200
430.60000;0.00198
431.19000;0.00202
431.78000;0.00207
432.37000;0.00210
432.96000;0.00207
433.55000;0.00204
434.14000;0.00208
434.73000;0.00210
435.32000;0.00208
435.91000;0.00207
436.50000;0.00206
437.09000;0.00207
437.68000;0.00204
438.27000;0.00203
438.86000;0.00203
439.45000;0.00204
440.04000;0.00205
440.63000;0.00203
441.22000;0.00202
441.81000;0.00201
442.40000;0.00195
442.99000;0.00194
443.58000;0.00189
444.17000;0.00191
444.76000;0.00190
445.35000;0.00191
445.94000;0.00187
446.53000;0.00186
447.12000;0.00185
447.71000;0.00186
448.30000;0.00186
448.89000;0.00186
449.48000;0.00183
450.07000;0.00182
450.66000;0.00180
451.25000;0.00178
451.84000;0.00175
452.43000;0.00174
453.02000;0.00175
453.61000;0.00174
454.20000;0.00173
454.79000;0.00172
455.38000;0.00172
455.97000;0.00172
456.55000;0.00171
457.14000;0.00169
457.73000;0.00168
458.32000;0.00167
458.91000;0.00168
459.50000;0.00167
460.09000;0.00166
460.68000;0.00165
461.27000;0.00164
461.86000;0.00166
462.45000;0.00166
463.03000;0.00162
463.62000;0.00161
464.21000;0.00161
464.80000;0.00165
465.39000;0.00164
465.98000;0.00165
466.57000;0.00162
467.16000;0.00164
467.74000;0.00165
468.33000;0.00168
468.92000;0.00169
469.51000;0.00169
470.10000;0.00169
470.69000;0.00168
471.28000;0.00169
471.86000;0.00170
472.45000;0.00170
473.04000;0.00171
473.63000;0.00172
474.22000;0.00175
474.81000;0.00176
475.39000;0.00175
475.98000;0.00176
476.57000;0.00177
477.16000;0.00177
477.75000;0.00178
478.33000;0.00175
478.92000;0.00177
479.51000;0.00178
480.10000;0.00180
480.69000;0.00181
481.27000;0.00183
481.86000;0.00183
482.45000;0.00184
483.04000;0.00184
483.63000;0.00182
484.21000;0.00184
484.80000;0.00184
485.39000;0.00191
485.98000;0.00193
486.56000;0.00197
487.15000;0.00198
487.74000;0.00200
488.33000;0.00200
488.91000;0.00199
489.50000;0.00199
490.09000;0.00200
490.68000;0.00203
491.26000;0.00202
491.85000;0.00206
492.44000;0.00206
493.03000;0.00209
493.61000;0.00209
494.20000;0.00211
494.79000;0.00215
495.37000;0.00217
495.96000;0.00219
496.55000;0.00221
497.14000;0.00222
497.72000;0.00221
498.31000;0.00223
498.90000;0.00224
499.48000;0.00223
500.07000;0.00224
500.66000;0.00222
501.24000;0.00227
501.83000;0.00228
502.42000;0.00232
503.00000;0.00233
503.59000;0.00234
504.18000;0.00231
504.76000;0.00233
505.35000;0.00230
505.94000;0.00229
506.52000;0.00230
507.11000;0.00233
507.70000;0.00240
508.28000;0.00238
508.87000;0.00240
509.45000;0.00240
510.04000;0.00242
510.63000;0.00241
511.21000;0.00239
511.80000;0.00239
512.39000;0.00238
512.97000;0.00238
513.56000;0.00238
514.14000;0.00237
514.73000;0.00237
515.32000;0.00237
515.90000;0.00239
516.49000;0.00238
517.07000;0.00238
517.66000;0.00238
518.24000;0.00238
518.83000;0.00238
519.42000;0.00238
520.00000;0.00238
520.59000;0.00237
521.17000;0.00239
521.76000;0.00237
522.34000;0.00237
522.93000;0.00237
523.52000;0.00238
524.10000;0.00236
524.69000;0.00235
525.27000;0.00231
525.86000;0.00234
526.44000;0.00234
527.03000;0.00236
527.61000;0.00234
528.20000;0.00235
528.78000;0.00233
529.37000;0.00234
529.95000;0.00234
530.54000;0.00236
531.12000;0.00232
531.71000;0.00230
532.29000;0.00229
532.88000;0.00231
533.46000;0.00228
534.05000;0.00227
534.63000;0.00227
535.22000;0.00227
535.80000;0.00227
536.39000;0.00227
536.97000;0.00226
537.56000;0.00220
538.14000;0.00216
538.73000;0.00215
539.31000;0.00218
539.89000;0.00217
540.48000;0.00216
541.06000;0.00214
541.65000;0.00212
542.23000;0.00210
542.82000;0.00208
543.40000;0.00202
543.99000;0.00201
544.57000;0.00198
545.15000;0.00202
545.74000;0.00202
546.32000;0.00202
546.91000;0.00198
547.49000;0.00196
548.07000;0.00196
548.66000;0.00200
549.24000;0.00198
549.83000;0.00197
550.41000;0.00198
550.99000;0.00201
551.58000;0.00196
552.16000;0.00191
552.75000;0.00191
553.33000;0.00196
553.91000;0.00199
554.50000;0.00197
555.08000;0.00194
555.66000;0.00197
556.25000;0.00199
556.83000;0.00202
557.41000;0.00198
558.00000;0.00197
558.58000;0.00198
559.16000;0.00200
559.75000;0.00199
560.33000;0.00197
560.91000;0.00198
561.50000;0.00200
562.08000;0.00203
562.66000;0.00201
563.25000;0.00201
563.83000;0.00201
564.41000;0.00200
565.00000;0.00199
565.58000;0.00199
566.16000;0.00202
566.74000;0.00203
567.33000;0.00205
567.91000;0.00203
568.49000;0.00201
569.08000;0.00202
569.66000;0.00202
570.24000;0.00204
570.82000;0.00204
571.41000;0.00204
571.99000;0.00206
572.57000;0.00208
573.15000;0.00207
573.74000;0.00207
574.32000;0.00205
574.90000;0.00207
575.48000;0.00207
576.07000;0.00209
576.65000;0.00210
577.23000;0.00211
577.81000;0.00212
578.40000;0.00211
578.98000;0.00213
579.56000;0.00211
580.14000;0.00215
580.72000;0.00216
581.31000;0.00217
581.89000;0.00218
582.47000;0.00219
583.05000;0.00223
583.63000;0.00223
584.22000;0.00225
584.80000;0.00224
585.38000;0.00226
585.96000;0.00224
586.54000;0.00221
587.12000;0.00222
587.71000;0.00222
588.29000;0.00229
588.87000;0.00230
589.45000;0.00234
590.03000;0.00235
590.61000;0.00238
591.19000;0.00240
591.78000;0.00244
592.36000;0.00245
592.94000;0.00244
593.52000;0.00242
594.10000;0.00243
594.68000;0.00246
595.26000;0.00250
595.84000;0.00252
596.43000;0.00253
597.01000;0.00251
597.59000;0.00252
598.17000;0.00252
598.75000;0.00253
599.33000;0.00254
599.91000;0.00249
600.49000;0.00252
601.07000;0.00255
601.65000;0.00261
602.23000;0.00266
602.81000;0.00267
603.40000;0.00270
603.98000;0.00272
604.56000;0.00271
605.14000;0.00272
605.72000;0.00274
606.30000;0.00278
606.88000;0.00279
607.46000;0.00281
608.04000;0.00281
608.62000;0.00284
609.20000;0.00284
609.78000;0.00287
610.36000;0.00289
610.94000;0.00288
611.52000;0.00289
612.10000;0.00290
612.68000;0.00293
613.26000;0.00295
613.84000;0.00295
614.42000;0.00297
615.00000;0.00297
615.58000;0.00300
616.16000;0.00302
616.74000;0.00303
617.32000;0.00304
617.90000;0.00306
618.48000;0.00307
619.06000;0.00307
619.64000;0.00309
620.22000;0.00310
620.80000;0.00313
621.38000;0.00312
621.96000;0.00314
622.54000;0.00313
623.12000;0.00313
623.69000;0.00314
624.27000;0.00315
624.85000;0.00320
625.43000;0.00320
626.01000;0.00323
626.59000;0.00323
627.17000;0.00323
627.75000;0.00323
628.33000;0.00325
628.91000;0.00327
629.49000;0.00326
630.06000;0.00325
630.64000;0.00326
631.22000;0.00330
631.80000;0.00329
632.38000;0.00330
632.96000;0.00330
633.54000;0.00331
634.12000;0.00329
634.69000;0.00328
635.27000;0.00329
635.85000;0.00332
636.43000;0.00330
637.01000;0.00330
637.59000;0.00330
638.17000;0.00333
638.74000;0.00333
639.32000;0.00334
639.90000;0.00333
640.48000;0.00333
641.06000;0.00332
641.64000;0.00332
642.21000;0.00332
642.79000;0.00333
643.37000;0.00334
643.95000;0.00334
644.53000;0.00335
645.10000;0.00337
645.68000;0.00337
646.26000;0.00337
646.84000;0.00331
647.42000;0.00333
647.99000;0.00331
648.57000;0.00336
649.15000;0.00334
649.73000;0.00336
650.30000;0.00336
650.88000;0.00339
651.46000;0.00338
652.04000;0.00338
652.61000;0.00337
653.19000;0.00338
653.77000;0.00337
654.35000;0.00335
654.92000;0.00329
655.50000;0.00330
656.08000;0.00332
656.66000;0.00339
657.23000;0.00338
657.81000;0.00337
658.39000;0.00335
658.96000;0.00335
659.54000;0.00334
660.12000;0.00336
660.69000;0.00337
661.27000;0.00335
661.85000;0.00329
662.43000;0.00330
663.00000;0.00330
663.58000;0.00335
664.16000;0.00329
664.73000;0.00327
665.31000;0.00324
665.89000;0.00323
666.46000;0.00324
667.04000;0.00321
667.61000;0.00322
668.19000;0.00322
668.77000;0.00322
669.34000;0.00319
669.92000;0.00316
670.50000;0.00315
671.07000;0.00316
671.65000;0.00318
672.23000;0.00320
672.80000;0.00317
673.38000;0.00317
673.95000;0.00316
674.53000;0.00318
675.11000;0.00317
675.68000;0.00318
676.26000;0.00324
676.83000;0.00325
677.41000;0.00325
677.98000;0.00321
678.56000;0.00320
679.14000;0.00319
679.71000;0.00315
680.29000;0.00312
680.86000;0.00309
681.44000;0.00309
682.01000;0.00309
682.59000;0.00309
683.16000;0.00309
683.74000;0.00306
684.32000;0.00305
684.89000;0.00307
685.47000;0.00309
686.04000;0.00311
686.62000;0.00310
687.19000;0.00308
687.77000;0.00308
688.34000;0.00308
688.92000;0.00310
689.49000;0.00309
690.07000;0.00307
690.64000;0.00305
691.22000;0.00305
691.79000;0.00307
692.37000;0.00307
692.94000;0.00306
693.52000;0.00305
694.09000;0.00304
694.67000;0.00302
695.24000;0.00305
695.81000;0.00309
696.39000;0.00306
696.96000;0.00304
697.54000;0.00303
698.11000;0.00307
698.69000;0.00310
699.26000;0.00308
699.84000;0.00311
700.41000;0.00311
700.98000;0.00312
701.56000;0.00310
702.13000;0.00312
702.71000;0.00313
703.28000;0.00318
703.85000;0.00318
704.43000;0.00319
705.00000;0.00320
705.58000;0.00322
706.15000;0.00324
706.72000;0.00324
707.30000;0.00323
707.87000;0.00323
708.44000;0.00325
709.02000;0.00325
709.59000;0.00323
710.17000;0.00325
710.74000;0.00328
711.31000;0.00330
711.89000;0.00329
712.46000;0.00329
713.03000;0.00330
713.61000;0.00332
714.18000;0.00335
714.75000;0.00337
715.33000;0.00338
715.90000;0.00337
716.47000;0.00340
717.05000;0.00343
717.62000;0.00346
718.19000;0.00348
718.76000;0.00347
719.34000;0.00347
719.91000;0.00347
720.48000;0.00350
721.06000;0.00351
721.63000;0.00353
722.20000;0.00357
722.77000;0.00359
723.35000;0.00359
723.92000;0.00357
724.49000;0.00357
725.06000;0.00360
725.64000;0.00360
726.21000;0.00360
726.78000;0.00360
727.35000;0.00362
727.93000;0.00367
728.50000;0.00366
729.07000;0.00365
729.64000;0.00361
730.22000;0.00363
730.79000;0.00368
731.36000;0.00373
731.93000;0.00373
732.50000;0.00372
733.08000;0.00375
733.65000;0.00376
734.22000;0.00378
734.79000;0.00380
735.36000;0.00383
735.94000;0.00384
736.51000;0.00385
737.08000;0.00383
737.65000;0.00386
738.22000;0.00387
738.79000;0.00390
739.37000;0.00390
739.94000;0.00389
740.51000;0.00387
741.08000;0.00389
741.65000;0.00390
742.22000;0.00391
742.79000;0.00388
743.36000;0.00390
743.94000;0.00395
744.51000;0.00399
745.08000;0.00399
745.65000;0.00391
746.22000;0.00390
746.79000;0.00387
747.36000;0.00397
747.93000;0.00399
748.50000;0.00400
749.07000;0.00398
749.65000;0.00389
750.22000;0.00393
750.79000;0.00398
751.36000;0.00407
751.93000;0.00411
752.50000;0.00412
753.07000;0.00414
753.64000;0.00415
754.21000;0.00420
754.78000;0.00423
755.35000;0.00424
755.92000;0.00422
756.49000;0.00424
757.06000;0.00424
757.63000;0.00428
758.20000;0.00432
758.77000;0.00440
759.34000;0.00445
759.91000;0.00448
760.48000;0.00457
761.05000;0.00463
761.62000;0.00468
762.19000;0.00462
762.76000;0.00460
763.33000;0.00459
763.90000;0.00461
764.47000;0.00462
765.04000;0.00457
765.61000;0.00454
766.18000;0.00448
766.75000;0.00447
767.32000;0.00444
767.89000;0.00440
768.46000;0.00433
769.03000;0.00427
769.60000;0.00429
770.17000;0.00427
770.74000;0.00429
771.31000;0.00428
771.87000;0.00426
772.44000;0.00423
773.01000;0.00425
773.58000;0.00431
774.15000;0.00428
774.72000;0.00425
775.29000;0.00422
775.86000;0.00423
776.43000;0.00424
776.99000;0.00419
777.56000;0.00421
778.13000;0.00421
778.70000;0.00424
779.27000;0.00420
779.84000;0.00413
780.41000;0.00412
780.98000;0.00406
781.54000;0.00410
782.11000;0.00412
782.68000;0.00419
783.25000;0.00418
783.82000;0.00415
784.39000;0.00413
784.95000;0.00414
785.52000;0.00419
786.09000;0.00422
786.66000;0.00424
787.23000;0.00425
787.79000;0.00425
788.36000;0.00423
788.93000;0.00422
789.50000;0.00428
790.07000;0.00433
790.63000;0.00437
791.20000;0.00439
791.77000;0.00441
792.34000;0.00444
792.90000;0.00447
793.47000;0.00448
794.04000;0.00449
794.61000;0.00448
795.17000;0.00451
795.74000;0.00455
796.31000;0.00452
796.88000;0.00449
797.44000;0.00450
798.01000;0.00457
798.58000;0.00462
799.15000;0.00460
799.71000;0.00464
800.28000;0.00469
800.85000;0.00475
801.41000;0.00475
801.98000;0.00477
802.55000;0.00481
803.11000;0.00486
803.68000;0.00489
804.25000;0.00491
804.81000;0.00492
805.38000;0.00494
805.95000;0.00496
806.51000;0.00497
807.08000;0.00502
807.65000;0.00500
808.21000;0.00504
808.78000;0.00503
809.35000;0.00498
809.91000;0.00500
810.48000;0.00498
811.05000;0.00508
811.61000;0.00510
812.18000;0.00519
812.74000;0.00523
813.31000;0.00521
813.88000;0.00523
814.44000;0.00525
815.01000;0.00531
815.57000;0.00535
816.14000;0.00541
816.71000;0.00550
817.27000;0.00557
817.84000;0.00557
818.40000;0.00556
818.97000;0.00559
819.53000;0.00566
820.10000;0.00577
820.67000;0.00581
821.23000;0.00587
821.80000;0.00587
822.36000;0.00590
822.93000;0.00591
823.49000;0.00598
824.06000;0.00599
824.62000;0.00604
825.19000;0.00606
825.75000;0.00612
826.32000;0.00614
826.88000;0.00617
827.45000;0.00613
828.01000;0.00618
828.58000;0.00619
829.14000;0.00628
829.71000;0.00630
830.27000;0.00635
830.84000;0.00641
831.40000;0.00644
831.97000;0.00645
832.53000;0.00644
833.10000;0.00646
833.66000;0.00647
834.23000;0.00650
834.79000;0.00658
835.35000;0.00663
835.92000;0.00663
836.48000;0.00665
837.05000;0.00667
837.61000;0.00673
838.18000;0.00675
838.74000;0.00669
839.30000;0.00673
839.87000;0.00668
840.43000;0.00678
841.00000;0.00679
841.56000;0.00687
842.12000;0.00693
842.69000;0.00697
843.25000;0.00699
843.81000;0.00696
844.38000;0.00696
844.94000;0.00700
845.51000;0.00704
846.07000;0.00707
846.63000;0.00713
847.20000;0.00713
847.76000;0.00710
848.32000;0.00710
848.89000;0.00717
849.45000;0.00725
850.01000;0.00724
850.58000;0.00728
851.14000;0.00730
851.70000;0.00736
852.27000;0.00742
852.83000;0.00744
853.39000;0.00758
853.95000;0.00761
854.52000;0.00761
855.08000;0.00747
855.64000;0.00746
856.21000;0.00752
856.77000;0.00757
857.33000;0.00762
857.89000;0.00767
858.46000;0.00776
859.02000;0.00775
859.58000;0.00784
860.14000;0.00784
860.71000;0.00786
861.27000;0.00784
861.83000;0.00788
862.39000;0.00795
862.96000;0.00802
863.52000;0.00800
864.08000;0.00796
864.64000;0.00794
865.20000;0.00806
865.77000;0.00821
866.33000;0.00834
866.89000;0.00835
867.45000;0.00835
868.01000;0.00826
868.58000;0.00827
869.14000;0.00833
869.70000;0.00839
870.26000;0.00846
870.82000;0.00848
871.38000;0.00855
871.95000;0.00857
872.51000;0.00863
873.07000;0.00851
873.63000;0.00855
874.19000;0.00865
874.75000;0.00888
875.31000;0.00899
875.88000;0.00900
876.44000;0.00905
877.00000;0.00905
877.56000;0.00913
878.12000;0.00904
878.68000;0.00906
879.24000;0.00900
879.80000;0.00918
880.36000;0.00915
880.92000;0.00919
881.48000;0.00909
882.05000;0.00909
882.61000;0.00896
883.17000;0.00887
883.73000;0.00882
884.29000;0.00888
884.85000;0.00887
885.41000;0.00881
885.97000;0.00876
886.53000;0.00869
887.09000;0.00868
887.65000;0.00862
888.21000;0.00865
888.77000;0.00860
889.33000;0.00857
889.89000;0.00855
890.45000;0.00851
891.01000;0.00854
891.57000;0.00852
892.13000;0.00862
892.69000;0.00869
893.25000;0.00874
893.81000;0.00882
894.37000;0.00898
894.93000;0.00919
895.49000;0.00927
896.05000;0.00926
896.61000;0.00941
897.17000;0.00964
897.73000;0.00997
898.29000;0.01007
898.85000;0.01023
899.41000;0.01034
899.96000;0.01047
900.52000;0.01059
901.08000;0.01066
901.64000;0.01075
902.20000;0.01060
902.76000;0.00972
903.32000;0.00940
903.88000;0.00946
904.44000;0.01024
905.00000;0.01060
905.55000;0.01077
906.11000;0.01105
906.67000;0.01110
907.23000;0.01128
907.79000;0.01145
908.35000;0.01167
908.91000;0.01184
909.46000;0.01168
910.02000;0.01153
910.58000;0.01126
911.14000;0.01136
911.70000;0.01140
912.26000;0.01171
912.81000;0.01193
913.37000;0.01223
913.93000;0.01231
914.49000;0.01238
915.05000;0.01254
915.61000;0.01263
916.16000;0.01268
916.72000;0.01279
917.28000;0.01287
917.84000;0.01298
918.39000;0.01300
918.95000;0.01300
919.51000;0.01284
920.07000;0.01252
920.62000;0.01270
921.18000;0.01279
921.74000;0.01321
922.30000;0.01339
922.85000;0.01361
923.41000;0.01371
923.97000;0.01369
924.53000;0.01400
925.08000;0.01415
925.64000;0.01427
926.20000;0.01442
926.75000;0.01473
927.31000;0.01507
927.87000;0.01547
928.43000;0.01578
928.98000;0.01620
929.54000;0.01644
930.10000;0.01686
930.65000;0.01735
931.21000;0.01769
931.77000;0.01767
932.32000;0.01725
932.88000;0.01676
933.44000;0.01654
933.99000;0.01654
934.55000;0.01697
935.11000;0.01749
935.66000;0.01795
936.22000;0.01826
936.77000;0.01847
937.33000;0.01923
937.89000;0.02056
938.44000;0.02233
939.00000;0.02402
939.55000;0.02504
940.11000;0.02547
940.67000;0.02547
941.22000;0.02524
941.78000;0.02508
942.33000;0.02451
942.89000;0.02380
943.44000;0.02345
944.00000;0.02330
944.56000;0.02364
945.11000;0.02378
945.67000;0.02408
946.22000;0.02424
946.78000;0.02444
947.33000;0.02480
947.89000;0.02500
948.44000;0.02474
949.00000;0.02449
949.55000;0.02445
950.11000;0.02471
950.66000;0.02484
951.22000;0.02466
951.77000;0.02427
952.33000;0.02401
952.88000;0.02414
953.44000;0.02442
953.99000;0.02436
954.55000;0.02412
955.10000;0.02385
955.66000;0.02391
956.21000;0.02424
956.77000;0.02466
957.32000;0.02494
957.88000;0.02478
958.43000;0.02450
958.98000;0.02429
959.54000;0.02453
960.09000;0.02495
960.65000;0.02526
961.20000;0.02542
961.75000;0.02551
962.31000;0.02566
962.86000;0.02581
963.42000;0.02575
963.97000;0.02593
964.52000;0.02595
965.08000;0.02617
965.63000;0.02619
966.19000;0.02637
966.74000;0.02660
967.29000;0.02648
967.85000;0.02641
968.40000;0.02634
968.95000;0.02645
969.51000;0.02665
970.06000;0.02671
970.61000;0.02697
971.17000;0.02727
971.72000;0.02758
972.27000;0.02788
972.83000;0.02772
973.38000;0.02764
973.93000;0.02768
974.49000;0.02797
975.04000;0.02833
975.59000;0.02844
976.14000;0.02863
976.70000;0.02869
977.25000;0.02904
977.80000;0.02913
978.35000;0.02938
978.91000;0.02948
979.46000;0.02958
980.01000;0.02986
980.57000;0.03015
981.12000;0.03042
981.67000;0.03045
982.22000;0.03051
982.77000;0.03089
983.33000;0.03116
983.88000;0.03135
984.43000;0.03165
984.98000;0.03190
985.54000;0.03229
986.09000;0.03245
986.64000;0.03267
987.19000;0.03283
987.74000;0.03295
988.29000;0.03297
988.85000;0.03298
989.40000;0.03308
989.95000;0.03349
990.50000;0.03383
991.05000;0.03425
991.60000;0.03452
992.16000;0.03481
992.71000;0.03499
993.26000;0.03526
993.81000;0.03550
994.36000;0.03560
994.91000;0.03578
995.46000;0.03594
996.01000;0.03620
996.57000;0.03624
997.12000;0.03647
997.67000;0.03666
998.22000;0.03693
998.77000;0.03705
999.32000;0.03725
999.87000;0.03751
1000.42000;0.03775
1000.97000;0.03796
1001.52000;0.03806
1002.07000;0.03824
1002.62000;0.03840
1003.17000;0.03855
1003.72000;0.03854
1004.27000;0.03859
1004.83000;0.03869
1005.38000;0.03903
1005.93000;0.03938
1006.48000;0.03990
1007.03000;0.04031
1007.58000;0.04067
1008.13000;0.04103
1008.68000;0.04134
1009.23000;0.04160
1009.78000;0.04188
1010.33000;0.04216
1010.88000;0.04249
1011.43000;0.04275
1011.97000;0.04274
1012.52000;0.04274
1013.07000;0.04254
1013.62000;0.04262
1014.17000;0.04238
1014.72000;0.04227
1015.27000;0.04228
1015.82000;0.04232
1016.37000;0.04231
1016.92000;0.04236
1017.47000;0.04249
1018.02000;0.04266
1018.57000;0.04254
1019.12000;0.04290
1019.67000;0.04306
1020.21000;0.04343
1020.76000;0.04347
1021.31000;0.04364
1021.86000;0.04352
1022.41000;0.04367
1022.96000;0.04381
1023.51000;0.04409
1024.06000;0.04412
1024.60000;0.04469
1025.15000;0.04469
1025.70000;0.04462
1026.25000;0.04444
1026.80000;0.04511
1027.35000;0.04622
1027.89000;0.04717
1028.44000;0.04682
1028.99000;0.04610
1029.54000;0.04523
1030.09000;0.04596
1030.63000;0.04576
1031.18000;0.04598
1031.73000;0.04614
1032.28000;0.04668
1032.83000;0.04645
1033.37000;0.04591
1033.92000;0.04645
1034.47000;0.04701
1035.02000;0.04689
1035.56000;0.04599
1036.11000;0.04641
1036.66000;0.04666
1037.21000;0.04699
1037.75000;0.04623
1038.30000;0.04684
1038.85000;0.04705
1039.40000;0.04837
1039.94000;0.04878
1040.49000;0.04966
1041.04000;0.04892
1041.58000;0.04875
1042.13000;0.04824
1042.68000;0.04786
1043.22000;0.04766
1043.77000;0.04897
1044.32000;0.04934
1044.86000;0.04935
1045.41000;0.04841
1045.96000;0.04874
1046.50000;0.04911
1047.05000;0.04886
1047.60000;0.04848
1048.14000;0.04885
1048.69000;0.04958
1049.24000;0.05107
1049.78000;0.05143
1050.33000;0.05149
1050.88000;0.05068
1051.42000;0.05055
1051.97000;0.05017
1052.51000;0.05057
1053.06000;0.05076
1053.61000;0.05156
1054.15000;0.05131
1054.70000;0.05098
1055.24000;0.05080
1055.79000;0.05120
1056.33000;0.05208
1056.88000;0.05201
1057.42000;0.05142
1057.97000;0.05127
1058.52000;0.05220
1059.06000;0.05246
1059.61000;0.05365
1060.15000;0.05347
1060.70000;0.05428
1061.24000;0.05323
1061.79000;0.05447
1062.33000;0.05627
1062.88000;0.05642
1063.42000;0.05498
1063.97000;0.05338
1064.51000;0.05322
1065.06000;0.05287
1065.60000;0.05489
1066.15000;0.05648
1066.69000;0.05846
1067.24000;0.05745
1067.78000;0.05590
1068.32000;0.05804
1068.87000;0.05685
1069.41000;0.05981
1069.96000;0.05871
1070.50000;0.06054
1071.05000;0.05933
1071.59000;0.05748
1072.14000;0.05655
1072.68000;0.05710
1073.22000;0.05763
1073.77000;0.05939
1074.31000;0.05945
1074.86000;0.05993
1075.40000;0.05998
1075.94000;0.05932
1076.49000;0.06189
1077.03000;0.06162
1077.57000;0.06347
1078.12000;0.06156
1078.66000;0.06389
1079.20000;0.06316
1079.75000;0.06268
1080.29000;0.06061
1080.83000;0.06190
1081.38000;0.06237
1081.92000;0.06424
1082.46000;0.06398
1083.01000;0.06564
1083.55000;0.06423
1084.09000;0.06327
1084.64000;0.06132
1085.18000;0.06383
1085.72000;0.06259
1086.27000;0.06400
1086.81000;0.06406
1087.35000;0.06929
1087.89000;0.07301
1088.44000;0.07147
1088.98000;0.07238
1089.52000;0.07151
1090.06000;0.07414
1090.61000;0.07268
1091.15000;0.07054
1091.69000;0.06921
1092.23000;0.06777
1092.78000;0.06998
1093.32000;0.06949
1093.86000;0.06887
1094.40000;0.07003
1094.94000;0.07363
1095.49000;0.07445
1096.03000;0.07205
1096.57000;0.06926
1097.11000;0.06888
1097.65000;0.07035
1098.19000;0.07581
1098.74000;0.07678
1099.28000;0.07596
1099.82000;0.07099
1100.36000;0.00000
