wave;IRR_dark_10cm
175.76;0.00000
176.37;0.00000
176.97;0.00000
177.57;0.00000
178.17;0.00000
178.78;0.00000
179.38;0.00000
179.98;0.00000
180.58;0.00000
181.19;0.00000
181.79;0.00000
182.39;0.00000
182.99;0.00000
183.59;0.00000
184.2;0.00000
184.8;0.00000
185.4;0.00000
186;0.00000
186.6;0.00000
187.21;0.00000
187.81;0.00000
188.41;0.00000
189.01;0.00000
189.61;0.00000
190.22;0.00000
190.82;0.00000
191.42;0.00000
192.02;0.00000
192.62;0.00000
193.22;0.00000
193.83;0.00000
194.43;0.00000
195.03;0.00000
195.63;0.00000
196.23;0.00000
196.83;0.00000
197.44;0.00000
198.04;0.00000
198.64;0.00000
199.24;0.00000
199.84;0.00000
200.44;0.00000
201.05;0.00000
201.65;0.00000
202.25;0.00000
202.85;0.00000
203.45;0.00000
204.05;0.00000
204.65;0.00000
205.25;0.00000
205.86;0.00000
206.46;0.00000
207.06;0.00000
207.66;0.00000
208.26;0.00000
208.86;0.00000
209.46;0.00000
210.06;0.00000
210.66;0.00000
211.27;0.00000
211.87;0.00000
212.47;0.00000
213.07;0.00000
213.67;0.00000
214.27;0.00000
214.87;0.00000
215.47;0.00000
216.07;0.00000
216.67;0.00000
217.27;0.00000
217.87;0.00000
218.48;0.00000
219.08;0.00000
219.68;0.00000
220.28;0.00000
220.88;0.00000
221.48;0.00000
222.08;0.00000
222.68;0.00000
223.28;0.00000
223.88;0.00000
224.48;0.00000
225.08;0.00000
225.68;0.00000
226.28;0.00000
226.88;0.00000
227.48;0.00000
228.08;0.00000
228.68;0.00000
229.28;0.00000
229.88;0.00000
230.48;0.00000
231.08;0.00000
231.68;0.00000
232.28;0.00000
232.88;0.00000
233.48;0.00000
234.09;0.00000
234.69;0.00000
235.29;0.00000
235.88;0.00000
236.48;0.00000
237.08;0.00000
237.68;0.00000
238.28;0.00000
238.88;0.00000
239.48;0.00000
240.08;0.00000
240.68;0.00000
241.28;0.00000
241.88;0.00000
242.48;0.00000
243.08;0.00000
243.68;0.00000
244.28;0.00000
244.88;0.00000
245.48;0.00000
246.08;0.00000
246.68;0.00000
247.28;0.00000
247.88;0.00000
248.48;0.00000
249.08;0.00000
249.68;0.00000
250.28;0.00000
250.88;0.00000
251.48;0.00000
252.07;0.00000
252.67;0.00000
253.27;0.00000
253.87;0.00000
254.47;0.00000
255.07;0.00000
255.67;0.00000
256.27;0.00000
256.87;0.00000
257.47;0.00000
258.07;0.00000
258.66;0.00000
259.26;0.00000
259.86;0.00000
260.46;0.00000
261.06;0.00000
261.66;0.00000
262.26;0.00000
262.86;0.00000
263.46;0.00000
264.05;0.00000
264.65;0.00000
265.25;0.00000
265.85;0.00000
266.45;0.00000
267.05;0.00000
267.65;0.00000
268.24;0.00000
268.84;0.00000
269.44;0.00000
270.04;0.00000
270.64;0.00000
271.24;0.00000
271.84;0.00000
272.43;0.00000
273.03;0.00000
273.63;0.00000
274.23;0.00000
274.83;0.00000
275.43;0.00000
276.02;0.00000
276.62;0.00000
277.22;0.00000
277.82;0.00000
278.42;0.00000
279.01;0.00000
279.61;0.00000
280.21;0.00000
280.81;0.00000
281.41;0.00000
282;0.00000
282.6;0.00000
283.2;0.00000
283.8;0.00000
284.4;0.00000
284.99;0.00000
285.59;0.00000
286.19;0.00000
286.79;0.00000
287.38;0.00000
287.98;0.00000
288.58;0.00000
289.18;0.00000
289.77;0.00000
290.37;0.00000
290.97;0.00000
291.57;0.00000
292.17;0.00000
292.76;0.00000
293.36;0.00000
293.96;0.00000
294.55;0.00000
295.15;0.00000
295.75;0.00000
296.35;0.00000
296.94;0.00000
297.54;0.00000
298.14;0.00000
298.74;0.00000
299.33;0.00000
299.93;0.00000
300.53;0.00000
301.12;0.00000
301.72;0.00000
302.32;0.00000
302.92;0.00000
303.51;0.00000
304.11;0.00000
304.71;0.00000
305.3;0.00000
305.9;0.00000
306.5;0.00000
307.09;0.00000
307.69;0.00000
308.29;0.00000
308.88;0.00000
309.48;0.00000
310.08;0.00000
310.67;0.00000
311.27;0.00000
311.87;0.00000
312.46;0.00000
313.06;0.00000
313.66;0.00000
314.25;0.00000
314.85;0.00000
315.45;0.00000
316.04;0.00000
316.64;0.00000
317.23;0.00000
317.83;0.00000
318.43;0.00000
319.02;0.00000
319.62;0.00000
320.22;0.00000
320.81;0.00000
321.41;0.00000
322;0.00000
322.6;0.00000
323.2;0.00000
323.79;0.00000
324.39;0.00000
324.98;0.00000
325.58;0.00000
326.18;0.00000
326.77;0.00000
327.37;0.00000
327.96;0.00000
328.56;0.00000
329.15;0.00000
329.75;0.00000
330.35;0.00000
330.94;0.00000
331.54;0.00000
332.13;0.00000
332.73;0.00000
333.32;0.00000
333.92;0.00000
334.52;0.00000
335.11;0.00000
335.71;0.00000
336.3;0.00000
336.9;0.00000
337.49;0.00000
338.09;0.00000
338.68;0.00000
339.28;0.00000
339.87;0.00000
340.47;0.00000
341.06;0.00000
341.66;0.00000
342.25;0.00000
342.85;0.00000
343.44;0.00000
344.04;0.00000
344.63;0.00000
345.23;0.00000
345.82;0.00000
346.42;0.00000
347.01;0.00000
347.61;0.00000
348.2;0.00000
348.8;0.00000
349.39;0.00000
349.99;0.00000
350.58;0.00049
351.18;0.00051
351.77;0.00060
352.37;0.00068
352.96;0.00068
353.56;0.00057
354.15;0.00061
354.75;0.00057
355.34;0.00048
355.93;0.00050
356.53;0.00056
357.12;0.00053
357.72;0.00044
358.31;0.00044
358.91;0.00050
359.5;0.00055
360.09;0.00050
360.69;0.00051
361.28;0.00052
361.88;0.00054
362.47;0.00052
363.07;0.00055
363.66;0.00057
364.25;0.00060
364.85;0.00056
365.44;0.00056
366.04;0.00054
366.63;0.00052
367.22;0.00053
367.82;0.00060
368.41;0.00059
369.01;0.00053
369.6;0.00046
370.19;0.00046
370.79;0.00045
371.38;0.00046
371.97;0.00046
372.57;0.00041
373.16;0.00040
373.75;0.00039
374.35;0.00044
374.94;0.00042
375.54;0.00044
376.13;0.00042
376.72;0.00043
377.32;0.00041
377.91;0.00038
378.5;0.00038
379.1;0.00038
379.69;0.00037
380.28;0.00032
380.88;0.00029
381.47;0.00029
382.06;0.00027
382.65;0.00028
383.25;0.00027
383.84;0.00028
384.43;0.00025
385.03;0.00025
385.62;0.00023
386.21;0.00024
386.81;0.00024
387.4;0.00024
387.99;0.00021
388.58;0.00020
389.18;0.00019
389.77;0.00019
390.36;0.00019
390.96;0.00020
391.55;0.00020
392.14;0.00020
392.73;0.00019
393.33;0.00022
393.92;0.00026
394.51;0.00029
395.1;0.00028
395.7;0.00024
396.29;0.00023
396.88;0.00022
397.47;0.00021
398.07;0.00025
398.66;0.00026
399.25;0.00028
399.84;0.00026
400.43;0.00028
401.03;0.00029
401.62;0.00029
402.21;0.00028
402.8;0.00026
403.4;0.00027
403.99;0.00027
404.58;0.00028
405.17;0.00028
405.76;0.00027
406.36;0.00027
406.95;0.00027
407.54;0.00028
408.13;0.00028
408.72;0.00028
409.31;0.00027
409.91;0.00027
410.5;0.00026
411.09;0.00028
411.68;0.00028
412.27;0.00030
412.86;0.00030
413.46;0.00031
414.05;0.00029
414.64;0.00027
415.23;0.00026
415.82;0.00028
416.41;0.00029
417;0.00028
417.6;0.00027
418.19;0.00027
418.78;0.00027
419.37;0.00028
419.96;0.00027
420.55;0.00027
421.14;0.00028
421.73;0.00029
422.33;0.00029
422.92;0.00028
423.51;0.00028
424.1;0.00029
424.69;0.00029
425.28;0.00028
425.87;0.00028
426.46;0.00027
427.05;0.00028
427.64;0.00028
428.23;0.00027
428.83;0.00026
429.42;0.00024
430.01;0.00025
430.6;0.00024
431.19;0.00024
431.78;0.00025
432.37;0.00026
432.96;0.00027
433.55;0.00027
434.14;0.00027
434.73;0.00026
435.32;0.00025
435.91;0.00025
436.5;0.00026
437.09;0.00026
437.68;0.00026
438.27;0.00026
438.86;0.00025
439.45;0.00026
440.04;0.00026
440.63;0.00027
441.22;0.00026
441.81;0.00026
442.4;0.00028
442.99;0.00028
443.58;0.00029
444.17;0.00028
444.76;0.00029
445.35;0.00028
445.94;0.00028
446.53;0.00027
447.12;0.00028
447.71;0.00026
448.3;0.00027
448.89;0.00026
449.48;0.00027
450.07;0.00027
450.66;0.00027
451.25;0.00027
451.84;0.00027
452.43;0.00026
453.02;0.00026
453.61;0.00026
454.2;0.00027
454.79;0.00027
455.38;0.00027
455.97;0.00026
456.55;0.00027
457.14;0.00027
457.73;0.00027
458.32;0.00028
458.91;0.00027
459.5;0.00026
460.09;0.00026
460.68;0.00026
461.27;0.00027
461.86;0.00026
462.45;0.00026
463.03;0.00028
463.62;0.00029
464.21;0.00030
464.8;0.00027
465.39;0.00027
465.98;0.00026
466.57;0.00028
467.16;0.00027
467.74;0.00027
468.33;0.00025
468.92;0.00025
469.51;0.00025
470.1;0.00027
470.69;0.00027
471.28;0.00027
471.86;0.00026
472.45;0.00027
473.04;0.00028
473.63;0.00027
474.22;0.00027
474.81;0.00026
475.39;0.00027
475.98;0.00027
476.57;0.00026
477.16;0.00027
477.75;0.00027
478.33;0.00029
478.92;0.00029
479.51;0.00029
480.1;0.00028
480.69;0.00028
481.27;0.00028
481.86;0.00028
482.45;0.00029
483.04;0.00029
483.63;0.00032
484.21;0.00031
484.8;0.00032
485.39;0.00028
485.98;0.00027
486.56;0.00026
487.15;0.00026
487.74;0.00027
488.33;0.00027
488.91;0.00029
489.5;0.00030
490.09;0.00032
490.68;0.00031
491.26;0.00031
491.85;0.00030
492.44;0.00031
493.03;0.00031
493.61;0.00032
494.2;0.00031
494.79;0.00029
495.37;0.00029
495.96;0.00028
496.55;0.00029
497.14;0.00029
497.72;0.00030
498.31;0.00029
498.9;0.00029
499.48;0.00031
500.07;0.00031
500.66;0.00032
501.24;0.00030
501.83;0.00030
502.42;0.00028
503;0.00029
503.59;0.00029
504.18;0.00032
504.76;0.00033
505.35;0.00035
505.94;0.00037
506.52;0.00036
507.11;0.00035
507.7;0.00031
508.28;0.00033
508.87;0.00033
509.45;0.00033
510.04;0.00032
510.63;0.00033
511.21;0.00034
511.8;0.00034
512.39;0.00034
512.97;0.00033
513.56;0.00033
514.14;0.00035
514.73;0.00035
515.32;0.00034
515.9;0.00032
516.49;0.00032
517.07;0.00033
517.66;0.00034
518.24;0.00034
518.83;0.00034
519.42;0.00035
520;0.00036
520.59;0.00037
521.17;0.00037
521.76;0.00038
522.34;0.00038
522.93;0.00038
523.52;0.00038
524.1;0.00040
524.69;0.00040
525.27;0.00041
525.86;0.00039
526.44;0.00039
527.03;0.00038
527.61;0.00040
528.2;0.00041
528.78;0.00042
529.37;0.00042
529.95;0.00042
530.54;0.00041
531.12;0.00043
531.71;0.00042
532.29;0.00043
532.88;0.00041
533.46;0.00043
534.05;0.00044
534.63;0.00044
535.22;0.00045
535.8;0.00043
536.39;0.00043
536.97;0.00043
537.56;0.00046
538.14;0.00047
538.73;0.00047
539.31;0.00044
539.89;0.00043
540.48;0.00042
541.06;0.00043
541.65;0.00044
542.23;0.00045
542.82;0.00045
543.4;0.00048
543.99;0.00048
544.57;0.00048
545.15;0.00045
545.74;0.00046
546.32;0.00046
546.91;0.00048
547.49;0.00048
548.07;0.00048
548.66;0.00046
549.24;0.00048
549.83;0.00048
550.41;0.00048
550.99;0.00046
551.58;0.00048
552.16;0.00051
552.75;0.00051
553.33;0.00048
553.91;0.00048
554.5;0.00049
555.08;0.00050
555.66;0.00048
556.25;0.00047
556.83;0.00045
557.41;0.00047
558;0.00047
558.58;0.00047
559.16;0.00045
559.75;0.00046
560.33;0.00049
560.91;0.00048
561.5;0.00047
562.08;0.00045
562.66;0.00046
563.25;0.00046
563.83;0.00046
564.41;0.00046
565;0.00046
565.58;0.00048
566.16;0.00046
566.74;0.00046
567.33;0.00045
567.91;0.00045
568.49;0.00047
569.08;0.00047
569.66;0.00046
570.24;0.00045
570.82;0.00046
571.41;0.00045
571.99;0.00045
572.57;0.00045
573.15;0.00046
573.74;0.00046
574.32;0.00047
574.9;0.00046
575.48;0.00045
576.07;0.00044
576.65;0.00045
577.23;0.00045
577.81;0.00045
578.4;0.00046
578.98;0.00046
579.56;0.00048
580.14;0.00046
580.72;0.00046
581.31;0.00047
581.89;0.00046
582.47;0.00047
583.05;0.00045
583.63;0.00046
584.22;0.00045
584.8;0.00046
585.38;0.00045
585.96;0.00047
586.54;0.00050
587.12;0.00050
587.71;0.00050
588.29;0.00046
588.87;0.00046
589.45;0.00044
590.03;0.00045
590.61;0.00045
591.19;0.00045
591.78;0.00044
592.36;0.00044
592.94;0.00045
593.52;0.00048
594.1;0.00049
594.68;0.00048
595.26;0.00045
595.84;0.00046
596.43;0.00046
597.01;0.00047
597.59;0.00048
598.17;0.00048
598.75;0.00050
599.33;0.00049
599.91;0.00054
600.49;0.00052
601.07;0.00051
601.65;0.00049
602.23;0.00048
602.81;0.00049
603.4;0.00048
603.98;0.00048
604.56;0.00049
605.14;0.00050
605.72;0.00050
606.3;0.00048
606.88;0.00049
607.46;0.00049
608.04;0.00050
608.62;0.00048
609.2;0.00049
609.78;0.00049
610.36;0.00049
610.94;0.00050
611.52;0.00051
612.1;0.00050
612.68;0.00050
613.26;0.00049
613.84;0.00050
614.42;0.00048
615;0.00049
615.58;0.00049
616.16;0.00049
616.74;0.00049
617.32;0.00049
617.9;0.00050
618.48;0.00050
619.06;0.00051
619.64;0.00050
620.22;0.00051
620.8;0.00050
621.38;0.00051
621.96;0.00050
622.54;0.00051
623.12;0.00052
623.69;0.00052
624.27;0.00052
624.85;0.00049
625.43;0.00049
626.01;0.00049
626.59;0.00050
627.17;0.00051
627.75;0.00052
628.33;0.00050
628.91;0.00049
629.49;0.00050
630.06;0.00052
630.64;0.00052
631.22;0.00051
631.8;0.00051
632.38;0.00050
632.96;0.00050
633.54;0.00050
634.12;0.00053
634.69;0.00053
635.27;0.00053
635.85;0.00052
636.43;0.00054
637.01;0.00054
637.59;0.00054
638.17;0.00053
638.74;0.00054
639.32;0.00053
639.9;0.00054
640.48;0.00053
641.06;0.00054
641.64;0.00054
642.21;0.00053
642.79;0.00053
643.37;0.00052
643.95;0.00052
644.53;0.00052
645.1;0.00051
645.68;0.00050
646.26;0.00049
646.84;0.00051
647.42;0.00050
647.99;0.00052
648.57;0.00048
649.15;0.00050
649.73;0.00048
650.3;0.00049
650.88;0.00047
651.46;0.00049
652.04;0.00048
652.61;0.00049
653.19;0.00049
653.77;0.00050
654.35;0.00050
654.92;0.00053
655.5;0.00051
656.08;0.00049
656.66;0.00046
657.23;0.00047
657.81;0.00049
658.39;0.00052
658.96;0.00053
659.54;0.00054
660.12;0.00052
660.69;0.00051
661.27;0.00052
661.85;0.00056
662.43;0.00055
663;0.00054
663.58;0.00051
664.16;0.00053
664.73;0.00053
665.31;0.00053
665.89;0.00053
666.46;0.00052
667.04;0.00052
667.61;0.00051
668.19;0.00050
668.77;0.00048
669.34;0.00050
669.92;0.00050
670.5;0.00049
671.07;0.00049
671.65;0.00047
672.23;0.00048
672.8;0.00050
673.38;0.00050
673.95;0.00051
674.53;0.00051
675.11;0.00053
675.68;0.00052
676.26;0.00048
676.83;0.00047
677.41;0.00047
677.98;0.00049
678.56;0.00049
679.14;0.00049
679.71;0.00051
680.29;0.00052
680.86;0.00053
681.44;0.00052
682.01;0.00051
682.59;0.00050
683.16;0.00050
683.74;0.00052
684.32;0.00053
684.89;0.00052
685.47;0.00050
686.04;0.00048
686.62;0.00047
687.19;0.00047
687.77;0.00048
688.34;0.00050
688.92;0.00051
689.49;0.00053
690.07;0.00056
690.64;0.00060
691.22;0.00062
691.79;0.00063
692.37;0.00065
692.94;0.00068
693.52;0.00069
694.09;0.00071
694.67;0.00073
695.24;0.00076
695.81;0.00076
696.39;0.00080
696.96;0.00083
697.54;0.00086
698.11;0.00085
698.69;0.00085
699.26;0.00087
699.84;0.00088
700.41;0.00090
700.98;0.00091
701.56;0.00095
702.13;0.00097
702.71;0.00100
703.28;0.00101
703.85;0.00104
704.43;0.00106
705;0.00107
705.58;0.00109
706.15;0.00110
706.72;0.00113
707.3;0.00116
707.87;0.00119
708.44;0.00121
709.02;0.00124
709.59;0.00128
710.17;0.00130
710.74;0.00131
711.31;0.00132
711.89;0.00135
712.46;0.00138
713.03;0.00140
713.61;0.00142
714.18;0.00142
714.75;0.00143
715.33;0.00144
715.9;0.00144
716.47;0.00142
717.05;0.00140
717.62;0.00137
718.19;0.00135
718.76;0.00136
719.34;0.00139
719.91;0.00145
720.48;0.00151
721.06;0.00159
721.63;0.00163
722.2;0.00164
722.77;0.00162
723.35;0.00163
723.92;0.00165
724.49;0.00168
725.06;0.00169
725.64;0.00173
726.21;0.00176
726.78;0.00179
727.35;0.00179
727.93;0.00179
728.5;0.00182
729.07;0.00184
729.64;0.00189
730.22;0.00191
730.79;0.00193
731.36;0.00195
731.93;0.00199
732.5;0.00205
733.08;0.00207
733.65;0.00210
734.22;0.00211
734.79;0.00213
735.36;0.00213
735.94;0.00214
736.51;0.00215
737.08;0.00218
737.65;0.00218
738.22;0.00218
738.79;0.00218
739.37;0.00220
739.94;0.00223
740.51;0.00225
741.08;0.00225
741.65;0.00226
742.22;0.00228
742.79;0.00231
743.36;0.00233
743.94;0.00231
744.51;0.00230
745.08;0.00232
745.65;0.00237
746.22;0.00238
746.79;0.00240
747.36;0.00235
747.93;0.00234
748.5;0.00233
749.07;0.00233
749.65;0.00238
750.22;0.00236
750.79;0.00234
751.36;0.00230
751.93;0.00229
752.5;0.00230
753.07;0.00231
753.64;0.00232
754.21;0.00231
754.78;0.00229
755.35;0.00230
755.92;0.00230
756.49;0.00229
757.06;0.00227
757.63;0.00220
758.2;0.00205
758.77;0.00177
759.34;0.00141
759.91;0.00110
760.48;0.00092
761.05;0.00090
761.62;0.00098
762.19;0.00107
762.76;0.00111
763.33;0.00113
763.9;0.00117
764.47;0.00125
765.04;0.00137
765.61;0.00147
766.18;0.00158
766.75;0.00164
767.32;0.00168
767.89;0.00171
768.46;0.00174
769.03;0.00176
769.6;0.00173
770.17;0.00171
770.74;0.00167
771.31;0.00163
771.87;0.00161
772.44;0.00160
773.01;0.00156
773.58;0.00148
774.15;0.00144
774.72;0.00141
775.29;0.00139
775.86;0.00135
776.43;0.00130
776.99;0.00129
777.56;0.00125
778.13;0.00121
778.7;0.00115
779.27;0.00112
779.84;0.00112
780.41;0.00110
780.98;0.00110
781.54;0.00102
782.11;0.00097
782.68;0.00089
783.25;0.00088
783.82;0.00089
784.39;0.00086
784.95;0.00081
785.52;0.00074
786.09;0.00071
786.66;0.00068
787.23;0.00067
787.79;0.00069
788.36;0.00074
788.93;0.00081
789.5;0.00074
790.07;0.00068
790.63;0.00061
791.2;0.00059
791.77;0.00057
792.34;0.00054
792.9;0.00050
793.47;0.00051
794.04;0.00052
794.61;0.00059
795.17;0.00057
795.74;0.00054
796.31;0.00064
796.88;0.00072
797.44;0.00072
798.01;0.00061
798.58;0.00055
799.15;0.00060
799.71;0.00053
800.28;0.00050
800.85;0.00041
801.41;0.00047
801.98;0.00046
802.55;0.00045
803.11;0.00040
803.68;0.00039
804.25;0.00037
804.81;0.00039
805.38;0.00042
805.95;0.00043
806.51;0.00046
807.08;0.00040
807.65;0.00044
808.21;0.00036
808.78;0.00040
809.35;0.00050
809.91;0.00050
810.48;0.00057
811.05;0.00041
811.61;0.00036
812.18;0.00020
812.74;0.00012
813.31;0.00016
813.88;0.00013
814.44;0.00009
815.01;0.00000
815.57;-0.00004
816.14;-0.00012
816.71;-0.00023
817.27;-0.00031
817.84;-0.00024
818.4;-0.00014
818.97;-0.00009
819.53;-0.00008
820.1;-0.00015
820.67;-0.00015
821.23;-0.00024
821.8;-0.00027
822.36;-0.00034
822.93;-0.00033
823.49;-0.00035
824.06;-0.00021
824.62;-0.00015
825.19;-0.00012
825.75;-0.00019
826.32;-0.00020
826.88;-0.00025
827.45;-0.00013
828.01;-0.00017
828.58;-0.00017
829.14;-0.00029
829.71;-0.00027
830.27;-0.00028
830.84;-0.00035
831.4;-0.00038
831.97;-0.00037
832.53;-0.00032
833.1;-0.00030
833.66;-0.00026
834.23;-0.00024
834.79;-0.00029
835.35;-0.00033
835.92;-0.00028
836.48;-0.00028
837.05;-0.00028
837.61;-0.00034
838.18;-0.00031
838.74;-0.00015
839.3;-0.00018
839.87;-0.00007
840.43;-0.00021
841;-0.00018
841.56;-0.00023
842.12;-0.00032
842.69;-0.00037
843.25;-0.00041
843.81;-0.00032
844.38;-0.00027
844.94;-0.00028
845.51;-0.00031
846.07;-0.00034
846.63;-0.00042
847.2;-0.00039
847.76;-0.00029
848.32;-0.00029
848.89;-0.00041
849.45;-0.00059
850.01;-0.00055
850.58;-0.00055
851.14;-0.00047
851.7;-0.00051
852.27;-0.00059
852.83;-0.00065
853.39;-0.00074
853.95;-0.00069
854.52;-0.00064
855.08;-0.00047
855.64;-0.00045
856.21;-0.00040
856.77;-0.00037
857.33;-0.00039
857.89;-0.00043
858.46;-0.00055
859.02;-0.00048
859.58;-0.00060
860.14;-0.00057
860.71;-0.00054
861.27;-0.00045
861.83;-0.00046
862.39;-0.00053
862.96;-0.00062
863.52;-0.00055
864.08;-0.00046
864.64;-0.00041
865.2;-0.00053
865.77;-0.00068
866.33;-0.00074
866.89;-0.00078
867.45;-0.00081
868.01;-0.00071
868.58;-0.00067
869.14;-0.00072
869.7;-0.00074
870.26;-0.00083
870.82;-0.00079
871.38;-0.00088
871.95;-0.00086
872.51;-0.00091
873.07;-0.00065
873.63;-0.00063
874.19;-0.00063
874.75;-0.00092
875.31;-0.00098
875.88;-0.00095
876.44;-0.00098
877;-0.00091
877.56;-0.00096
878.12;-0.00082
878.68;-0.00084
879.24;-0.00073
879.8;-0.00091
880.36;-0.00088
880.92;-0.00100
881.48;-0.00098
882.05;-0.00104
882.61;-0.00090
883.17;-0.00082
883.73;-0.00078
884.29;-0.00091
884.85;-0.00092
885.41;-0.00087
885.97;-0.00087
886.53;-0.00081
887.09;-0.00083
887.65;-0.00078
888.21;-0.00087
888.77;-0.00080
889.33;-0.00074
889.89;-0.00071
890.45;-0.00064
891.01;-0.00069
891.57;-0.00063
892.13;-0.00079
892.69;-0.00087
893.25;-0.00096
893.81;-0.00096
894.37;-0.00097
894.93;-0.00100
895.49;-0.00091
896.05;-0.00076
896.61;-0.00074
897.17;-0.00079
897.73;-0.00089
898.29;-0.00080
898.85;-0.00077
899.41;-0.00077
899.96;-0.00079
900.52;-0.00083
901.08;-0.00083
901.64;-0.00091
902.2;-0.00083
902.76;-0.00004
903.32;0.00013
903.88;0.00002
904.44;-0.00080
905;-0.00100
905.55;-0.00096
906.11;-0.00096
906.67;-0.00078
907.23;-0.00075
907.79;-0.00076
908.35;-0.00085
908.91;-0.00091
909.46;-0.00077
910.02;-0.00065
910.58;-0.00051
911.14;-0.00056
911.7;-0.00056
912.26;-0.00066
912.81;-0.00073
913.37;-0.00084
913.93;-0.00082
914.49;-0.00082
915.05;-0.00090
915.61;-0.00091
916.16;-0.00088
916.72;-0.00088
917.28;-0.00091
917.84;-0.00096
918.39;-0.00099
918.95;-0.00102
919.51;-0.00093
920.07;-0.00068
920.62;-0.00075
921.18;-0.00068
921.74;-0.00083
922.3;-0.00085
922.85;-0.00090
923.41;-0.00092
923.97;-0.00080
924.53;-0.00093
925.08;-0.00092
925.64;-0.00091
926.2;-0.00090
926.75;-0.00095
927.31;-0.00095
927.87;-0.00093
928.43;-0.00083
928.98;-0.00082
929.54;-0.00065
930.1;-0.00056
930.65;-0.00045
931.21;-0.00033
931.77;-0.00006
932.32;0.00009
932.88;0.00010
933.44;-0.00001
933.99;-0.00006
934.55;-0.00005
935.11;0.00000
935.66;0.00006
936.22;0.00030
936.77;0.00034
937.33;0.00035
937.89;0.00003
938.44;0.00028
939;0.00015
939.55;0.00027
940.11;-0.00009
940.67;0.00019
941.22;0.00026
941.78;0.00035
942.33;0.00028
942.89;0.00028
943.44;0.00013
944;0.00016
944.56;0.00011
945.11;0.00024
945.67;0.00042
946.22;0.00047
946.78;0.00053
947.33;0.00035
947.89;0.00034
948.44;0.00018
949;0.00012
949.55;0.00014
950.11;0.00011
950.66;0.00016
951.22;0.00007
951.77;0.00021
952.33;0.00023
952.88;0.00036
953.44;0.00063
953.99;0.00059
954.55;0.00036
955.1;0.00009
955.66;-0.00005
956.21;-0.00003
956.77;-0.00009
957.32;-0.00006
957.88;0.00003
958.43;0.00001
958.98;0.00001
959.54;-0.00003
960.09;-0.00010
960.65;-0.00012
961.2;-0.00020
961.75;-0.00018
962.31;-0.00024
962.86;-0.00024
963.42;-0.00012
963.97;-0.00017
964.52;-0.00016
965.08;-0.00035
965.63;-0.00026
966.19;-0.00031
966.74;-0.00037
967.29;-0.00026
967.85;-0.00019
968.4;-0.00020
968.95;-0.00028
969.51;-0.00034
970.06;-0.00025
970.61;-0.00036
971.17;-0.00041
971.72;-0.00053
972.27;-0.00059
972.83;-0.00037
973.38;-0.00015
973.93;-0.00009
974.49;-0.00029
975.04;-0.00055
975.59;-0.00049
976.14;-0.00049
976.7;-0.00032
977.25;-0.00046
977.8;-0.00039
978.35;-0.00050
978.91;-0.00042
979.46;-0.00035
980.01;-0.00047
980.57;-0.00053
981.12;-0.00057
981.67;-0.00031
982.22;-0.00030
982.77;-0.00048
983.33;-0.00061
983.88;-0.00054
984.43;-0.00059
984.98;-0.00057
985.54;-0.00072
986.09;-0.00073
986.64;-0.00073
987.19;-0.00067
987.74;-0.00049
988.29;-0.00017
988.85;0.00024
989.4;0.00042
989.95;0.00010
990.5;-0.00011
991.05;-0.00033
991.6;-0.00029
992.16;-0.00028
992.71;-0.00030
993.26;-0.00045
993.81;-0.00063
994.36;-0.00020
994.91;-0.00003
995.46;0.00020
996.01;-0.00005
996.57;0.00043
997.12;0.00017
997.67;0.00026
998.22;-0.00028
998.77;-0.00010
999.32;-0.00043
999.87;-0.00044
1000.42;-0.00043
1000.97;-0.00009
1001.52;0.00008
1002.07;0.00034
1002.62;0.00039
1003.17;0.00018
1003.72;0.00001
1004.27;0.00012
1004.83;0.00030
1005.38;0.00070
1005.93;0.00021
1006.48;0.00030
1007.03;-0.00016
1007.58;0.00026
1008.13;0.00075
1008.68;0.00095
1009.23;0.00059
1009.78;0.00040
1010.33;0.00049
1010.88;0.00106
1011.43;0.00162
1011.97;0.00133
1012.52;0.00109
1013.07;0.00037
1013.62;0.00038
1014.17;0.00026
1014.72;-0.00005
1015.27;0.00048
1015.82;0.00039
1016.37;0.00055
1016.92;0.00041
1017.47;0.00059
1018.02;0.00076
1018.57;0.00069
1019.12;0.00102
1019.67;0.00080
1020.21;0.00058
1020.76;0.00035
1021.31;0.00054
1021.86;0.00038
1022.41;0.00045
1022.96;0.00038
1023.51;0.00075
1024.06;0.00060
1024.6;0.00124
1025.15;0.00093
1025.7;0.00085
1026.25;0.00060
1026.8;0.00122
1027.35;0.00269
1027.89;0.00377
1028.44;0.00341
1028.99;0.00229
1029.54;0.00105
1030.09;0.00182
1030.63;0.00155
1031.18;0.00199
1031.73;0.00223
1032.28;0.00279
1032.83;0.00243
1033.37;0.00173
1033.92;0.00238
1034.47;0.00277
1035.02;0.00241
1035.56;0.00126
1036.11;0.00184
1036.66;0.00218
1037.21;0.00251
1037.75;0.00153
1038.3;0.00207
1038.85;0.00220
1039.4;0.00358
1039.94;0.00439
1040.49;0.00531
1041.04;0.00466
1041.58;0.00397
1042.13;0.00325
1042.68;0.00247
1043.22;0.00215
1043.77;0.00362
1044.32;0.00407
1044.86;0.00427
1045.41;0.00343
1045.96;0.00385
1046.5;0.00407
1047.05;0.00361
1047.6;0.00298
1048.14;0.00322
1048.69;0.00394
1049.24;0.00554
1049.78;0.00587
1050.33;0.00596
1050.88;0.00497
1051.42;0.00504
1051.97;0.00448
1052.51;0.00497
1053.06;0.00508
1053.61;0.00581
1054.15;0.00549
1054.7;0.00488
1055.24;0.00479
1055.79;0.00504
1056.33;0.00610
1056.88;0.00614
1057.42;0.00582
1057.97;0.00592
1058.52;0.00694
1059.06;0.00709
1059.61;0.00821
1060.15;0.00789
1060.7;0.00859
1061.24;0.00743
1061.79;0.00862
1062.33;0.01056
1062.88;0.01059
1063.42;0.00917
1063.97;0.00759
1064.51;0.00739
1065.06;0.00703
1065.6;0.00898
1066.15;0.01065
1066.69;0.01256
1067.24;0.01155
1067.78;0.01014
1068.32;0.01266
1068.87;0.01168
1069.41;0.01460
1069.96;0.01288
1070.5;0.01427
1071.05;0.01279
1071.59;0.01090
1072.14;0.00984
1072.68;0.01020
1073.22;0.01073
1073.77;0.01251
1074.31;0.01249
1074.86;0.01292
1075.4;0.01294
1075.94;0.01228
1076.49;0.01484
1077.03;0.01442
1077.57;0.01634
1078.12;0.01414
1078.66;0.01707
1079.2;0.01679
1079.75;0.01675
1080.29;0.01440
1080.83;0.01550
1081.38;0.01585
1081.92;0.01790
1082.46;0.01786
1083.01;0.01969
1083.55;0.01797
1084.09;0.01644
1084.64;0.01431
1085.18;0.01681
1085.72;0.01600
1086.27;0.01735
1086.81;0.01758
1087.35;0.02265
1087.89;0.02673
1088.44;0.02499
1088.98;0.02595
1089.52;0.02481
1090.06;0.02740
1090.61;0.02577
1091.15;0.02375
1091.69;0.02281
1092.23;0.02168
1092.78;0.02461
1093.32;0.02428
1093.86;0.02375
1094.4;0.02464
1094.94;0.02843
1095.49;0.02904
1096.03;0.02636
1096.57;0.02341
1097.11;0.02362
1097.65;0.02542
1098.19;0.03183
1098.74;0.03250
1099.28;0.03169
1099.82;0.02590
1100.36;0.00000
